evidence_id,source_type,source,date,source_url,user_evidence,retrieval_scenario,remembered_clues,forgotten_or_missing,failure_stage,problem_class,evidence_strength,memory_state
E001,Reddit,r/googlephotos,2022-09-22,https://www.reddit.com/r/googlephotos/comments/xl693t/is_there_a_way_to_search_google_photos_using_a/,I have a recent photo that has something very distinct in it. I’m trying to find an older photo I have of that same item but I have so many photos I can’t find it and I don’t remember when I took the photo.,Find an older photo of the same distinctive object using a newer/reference photo,Distinctive item; visual similarity to a newer photo,Date taken; exact search term; object may not be a person/animal,Query formulation / retrieval,Memory-to-query gap,Direct user report,Partial memory
E002,Reddit,r/googlephotos,2026-01-27,https://www.reddit.com/r/googlephotos/comments/1qo5bwb/wouldnt_it_be_interesting_if_there_was_a_software/,"I remember shooting a short ‘Doves flying over the church’ shot one afternoon in a certain place in France. To find it, I would have to open all the videos to check.",Retrieve a specific video clip from a large travel video library,Scene content; church; doves; France; afternoon; trip context,Exact date; exact location; filename; video position,Result evaluation / retrieval,Video scene retrieval,Direct user report,Partial memory
E003,Reddit,r/googlephotos,2026-03-02,https://www.reddit.com/r/googlephotos/comments/1rihxp2/sorry_if_this_has_been_asked_a_hundred_times_but/,I ask for ‘yellow truck’ and it finds 2 out of the 10 different days I had taken pictures of yellow trucks.,Find repeated instances of a visually obvious object across years,Yellow truck,Exact dates; exact filenames,Search understanding / recall,Incomplete result set,Direct user report,Partial memory
E004,Reddit,r/googlephotos,2026-03-02,https://www.reddit.com/r/googlephotos/comments/1rihxp2/sorry_if_this_has_been_asked_a_hundred_times_but/,I’ll try different phrasing like ‘pickup truck’ and it’ll actually add a few more trucks but also lose some of the yellow trucks it initially found.,Iterative reformulation after an incomplete search,Yellow truck; truck/pickup semantics,Exact system vocabulary,Search refinement,Unstable query reformulation,Direct user report,Partial memory
E005,Reddit,r/googlephotos,2026-03-02,https://www.reddit.com/r/googlephotos/comments/1rihxp2/sorry_if_this_has_been_asked_a_hundred_times_but/,Before AI search I could search for ‘fork’ and it would find every damn fork in my photos history. Now I’m lucky if it finds 10%.,Find all occurrences of a common object over a long history,Fork,No specific metadata needed,Search understanding / recall,Recall degradation,Direct user report,Specific memory
E006,Reddit,r/GooglePixel,2026-01-13,https://www.reddit.com/r/GooglePixel/comments/1qbdo8i/google_photos_removing_search_and_replacing_it/,I take a lot of photos. I have over 50k photos and videos. I used to be able to search ‘kookaburra’ and a kookaburra would show up. Now nothing comes up.,Find a specific animal across a very large library,Kookaburra; bird photography,Date and location not required by user,Search understanding,Large-library object retrieval,Direct user report,Partial memory
E007,Reddit,r/GooglePixel,2026-01-13,https://www.reddit.com/r/GooglePixel/comments/1qbdo8i/google_photos_removing_search_and_replacing_it/,I take photos of birds. ‘Ask’ shows me 6 photos. I have over 400 photos of birds.,Find a broad category with many relevant photos,Birds,Specific date/name,Result ranking / recall,Overly narrow result set,Direct user report,Partial memory
E008,Reddit,r/GooglePixel,2026-01-13,https://www.reddit.com/r/GooglePixel/comments/1qbdo8i/google_photos_removing_search_and_replacing_it/,I live underneath a flight path and take photos of the planes all the time… ‘Ask’ shows me only 19 photos. I probably have a few hundred.,Retrieve recurring subject across many dates,Planes; flight path,Exact date/model,Result ranking / recall,Recurring-memory retrieval,Direct user report,Partial memory
E009,Reddit,r/googlephotos,2025-05-24,https://www.reddit.com/r/googlephotos/comments/1kucfki/google_photos_new_ai_search_sucks/,I searched for pics with the new version and it gave me 2 pics; I have many photos. Classic Search returned what I expected.,Known concept with many expected matches,A keyword known to match many photos,No date or album remembered,Search understanding / result coverage,Recall + ranking mismatch,Direct user report,Partial memory
E010,Reddit,r/googlephotos,2025-05-24,https://www.reddit.com/r/googlephotos/comments/1kucfki/google_photos_new_ai_search_sucks/,"It can’t even recognize texts on photos, clear and visible texts.",Retrieve an image using visible text,Text appearing in the image,Date/location,Content understanding,OCR/text retrieval,Direct user report,Partial memory
E011,Reddit,r/googlephotos,2025-01-26,https://www.reddit.com/r/googlephotos/comments/1iaob2b/is_google_photos_search_function_limiting_my_searches_to_text_so_i_cant_find_text_in_screenshots/,I try to find a screenshot with a certain screenname or word but it never comes up.,Find a screenshot using text visible in it,Screenname or word,Date and filename,Content understanding,Screenshot OCR retrieval,Direct user report,Partial memory
E012,Reddit,r/googlephotos,2024-05-19,https://www.reddit.com/r/googlephotos/comments/1cvvd16/is_there_a_way_to_lookup_specific_file_names_in_google_photos/,"I’m trying to lookup a screenshot I took in Twitter, but it doesn’t seem to work in the search bar.",Retrieve a specific screenshot using remembered filename/file identity,Screenshot from Twitter,Exact date,Query formulation / metadata access,Filename/metadata retrieval gap,Direct user report,Partial memory
E013,Reddit,r/googlephotos,2024-10-04,https://www.reddit.com/r/googlephotos/comments/1fvq7hr/why_did_they_ruin_google_photos_search/,Need a pic of passport? Just type ‘Passport’. Forgot your Known Traveler Number? Search ‘Global Entry Card’.,Find a document/screenshot remembered by its purpose or visible content,Passport; Global Entry Card; document purpose,Exact date/album,Query formulation,Document retrieval,Direct user example,Partial memory
E014,Reddit,r/googlephotos,2025-06-16,https://www.reddit.com/r/googlephotos/comments/1ld3faz/,I remembered a moment from a trip I took in 2022 and knew I’d probably taken a video of that moment.,Retrieve a remembered moment from a past trip,Trip; year 2022; specific moment,Exact date; filename; folder,Library retrieval,Episodic-memory retrieval,Direct user report,Partial memory
E015,Reddit,r/googlephotos,2025-06-16,https://www.reddit.com/r/googlephotos/comments/1ld3faz/,"It wasn’t in my regular gallery app, since I took the video before I got this phone, but I figured Google Photos would have it.",Retrieve media across device generations,Old phone; approximate trip,Current device location; exact date,Cross-device discovery,Library visibility / device-history gap,Direct user report,Partial memory
E016,Reddit,r/googlephotos,2025-06-16,https://www.reddit.com/r/googlephotos/comments/1ld3faz/,I’ve checked in just about every folder I could think of.,Manual fallback after search fails,Trip context,Folder/album location,Search failure → manual browsing,Refinement dead end,Direct user report,Partial memory
E017,Reddit,r/googlephotos,2025-12-27,https://www.reddit.com/r/googlephotos/comments/1px47il/googleif_youre_listening_your_photos_app_is_a/,I have a dog. I have hundreds of pictures of him. Search for ‘dog’ or ‘puppy’ before would bring back nearly all of them. Today it brings back about 40.,Retrieve a person/animal with hundreds of historical instances,Dog; puppy,Exact date,Search recall,High-volume subject retrieval,Direct user report,Partial memory
E018,Reddit,r/googlephotos,2026-01-23,https://www.reddit.com/r/googlephotos/comments/1lsklsk2/classic_search_is_gone/,"I searched for a pic of my daughter when she was little, ‘singing all the way’ with her singing Toto, and it can’t find it.",Retrieve a family memory using a remembered event/action/lyric-like phrase,Daughter; singing; Toto; childhood,Date; exact album,Semantic search understanding,Episodic + semantic query,Direct user report,Partial memory
E019,Reddit,r/googlephotos,2026-04-01,https://www.reddit.com/r/googlephotos/comments/1s96iwh/how_do_i_get_normal_search_back_instead_of_this/,"I saved a lot of Tintin memes… I often have a meme I want to find, for which I remember the keywords, and either Gemini can’t find it.",Retrieve a saved meme using remembered keywords,Tintin; meme; keywords,Date/filename,Search understanding,Meme retrieval / keyword mismatch,Direct user report,Partial memory
E020,Reddit,r/googlephotos,2022-01-26,https://www.reddit.com/r/googlephotos/comments/sd89u8/where_are_my_screenshots_going/,I can’t seem to find my screenshots. They aren’t in the ‘Screenshots’ section and don’t automatically pop up in the regular view.,Find screenshots expected to be in a known category,Screenshot,Storage location / device folder,Collection navigation,Category/visibility confusion,Direct user report,Partial memory
E021,Reddit,r/googlephotos,2024-04-07,https://www.reddit.com/r/googlephotos/comments/1jtt7k0/,"The downloaded photos have the date I downloaded them, not the original date of the photo.",Find imported historical duplicates when timestamps are misleading,Same photo; lower-resolution copy,Original timestamp,Temporal navigation,Metadata ambiguity,Direct user report,Partial memory
E022,Google Photos Community,Google Photos Help Community,2024-11-21,https://support.google.com/photos/thread/309151160/i-tagged-the-video-but-when-i-search-using-the-exact-wording-photos-can-t-find-it?hl=en,"I recorded a video, tagged it in the info field so I could look it up later. Using the exact phrase, Photos isn’t able to locate anything.",Retrieve media using a user-created description/tag,Exact user-entered tag,Nothing obvious; user expects exact tag match,Search indexing / metadata retrieval,User-authored metadata failure,Direct user report,Specific memory
E023,Google Photos Community,Google Photos Help Community,2019-02-22,https://support.google.com/photos/thread/1796334/how-do-i-find-really-old-pictures?hl=en,I need my old photo back.,Retrieve scanned/very old photos,Old photo,Date/metadata,Temporal navigation,Old/scanned media retrieval,Direct user report,Partial memory
E024,Google Photos Community,Google Photos Help Community,2024-11-20,https://support.google.com/photos/thread/308953776/i-can%E2%80%99t-search-my-photos-up-like-i-used-to-before-google-photos-was-the-easiest-what-happened-jus?hl=en,I will type in the most basic thing to search for a photo and it said not found.,Basic object/subject search,Basic concept,No precise metadata,Search understanding,Basic keyword failure,Direct user report,Partial memory
E025,Google Photos Community,Google Photos Help Community,2025-09-17,https://support.google.com/photos/thread/373711674/how-do-i-use-classic-search-instead-of-ai?hl=en,"If I had written something on a sticky note 2 years ago and only remembered it was a yellow sticky note, I could search those words.",Retrieve an old photo using visual attributes rather than date,Yellow sticky note; words on note,Exact date; exact wording,Query formulation / semantic retrieval,Partial-memory visual retrieval,Direct user report,Partial memory
E026,Google Photos Community,Google Photos Help Community,2025-09-17,https://support.google.com/photos/thread/373711674/how-do-i-use-classic-search-instead-of-ai?hl=en,I could search for ‘tattoo on arm’ and it would immediately find the photo from 10 years ago.,Retrieve a decade-old image using a relational visual description,Tattoo; arm; relationship between object and body part,Date,Semantic search understanding,Relational visual query,Direct user report,Partial memory
E027,Google Photos Community,Google Photos Help Community,2025-03-25,https://support.google.com/photos/thread/333659792/why-cant-i-search-photo-descriptions-the-ai-is-completely-over-complicating-this-process?hl=en,There is no way to search photos from the descriptions I have entered. This worked fine in the past.,Retrieve a photo using a description the user previously added,User-entered description/customer name,Date/album,Metadata search,Description indexing failure,Direct user report,Partial memory
E028,Google Photos Community,Google Photos Help Community,2025-03-25,https://support.google.com/photos/thread/333659792/why-cant-i-search-photo-descriptions-the-ai-is-completely-over-complicating-this-process?hl=en,I type in that same customer name and it gives me hundreds of photos that have no association with the subject I’m looking for.,Find a business/customer photo using a remembered name,Customer name,Date/location,Result relevance,False-positive-heavy retrieval,Direct user report,Partial memory
E029,Google Photos Community,Google Photos Help Community,2023-08-24,https://support.google.com/photos/thread/231765990/can-t-search-for-photos-prior-to-2010?hl=en,"I can’t search for photos prior to 2010 by using the date. On my phone I can, but it’s easier to work from my laptop.",Retrieve very old photos using time,Before 2010,Exact date,Temporal search,Date-range retrieval,Direct user report,Partial memory
E030,Google Photos Community,Google Photos Help Community,2024-07-21,https://support.google.com/photos/thread/286489095/how-do-i-get-google-photo-to-show-all-my-photos-chronologically-begining-with-the-most-recent-ones?hl=en,Can’t find photos that were taken and uploaded just today. I type today’s date in the search and get random pictures from almost ten years ago.,Retrieve recent media using date,Today,Exact time,Temporal search / ranking,Date interpretation failure,Direct user report,Partial memory
E031,Google Photos Community,Google Photos Help Community,2024-09-10,https://support.google.com/photos/thread/295974677/can-t-find-images-by-text?hl=en,"I used to be able to search for images by text, but now nothing shows up for a phrase such as quotes by Plato.",Find an image based on text associated with/inside the image,Plato; quote text,Date/location,Text retrieval,Text-to-image retrieval,Direct user report,Partial memory
E032,Google Photos Community,Google Photos Help Community,2026-01-09,https://support.google.com/photos/thread/400823549/i-still-can-t-find-my-old-photos-my-backup-is-on-and-i-ve-been-paying-for-cloud-storage?hl=en,"I have some really old photos… when I go to search for a photo, my photos aren’t popping up.",Retrieve old family memories from long-term cloud storage,Really old photos; family memories,Date/album/search wording,Search recall,Long-term archive retrieval,Direct user report,Partial memory
E033,Google Photos Community,Google Photos Help Community,2020-08-28,https://support.google.com/photos/thread/67535174/i-backed-up-my-pictures-to-google-photos-and-now-i-can-t-find-them-on-google-photos-or-my-gallery?hl=en,"I tried searching for photos on Google Photos as well as my gallery, but I can’t find the most recent pictures.",Find newly backed-up photos,Most recent pictures,Exact upload state/location,Indexing / visibility,Searchability lag,Direct user report,Partial memory
E034,Google Photos Community,Google Photos Help Community,2018-04-29,https://support.google.com/photos/thread/111660/photos-not-showing-up-on-photos-google-com-but-showing-up-on-my-android-and-when-i-search?hl=en,"Only my most recent uploads are showing up, but when I search for something specific like ‘tree’ or ‘christmas’, my old photos appear.",Retrieve older photos that are not visible in the main timeline,Tree; Christmas,Timeline position,Browse vs search discoverability,Hidden-but-searchable content,Direct user report,Partial memory
E035,Google Photos Community,Google Photos Help Community,2025-01-28,https://support.google.com/photos/thread/321258778/how-to-search-for-photos-and-videos-by-name?hl=en,"If you name photos/videos ‘blue’, I’d like to search ‘blue’ and have all the photos/videos with that title pop up.",Retrieve user-named media by title,User-created title ‘blue’,Date/album,Metadata search,Title/filename retrieval,Direct user request,Partial memory
E036,Google Photos Community,Google Photos Help Community,2024-11-18,https://support.google.com/photos/thread/308953776/i-can%E2%80%99t-search-my-photos-up-like-i-used-to-before-google-photos-was-the-easiest-what-happened-jus?hl=en,I will type in the most basic thing to search for a photo and it said not found.,Basic search when the user cannot remember metadata,Basic object concept,Date/location/album,Search understanding,Generic query failure,Direct user report,Partial memory
E037,App Store,Google Photos: Backup & Edit,2022-01-17,https://apps.apple.com/mu/app/google-photos-backup-edit/id962194608?platform=iphone&see-all=reviews,I much enjoy your app. I like seeing happy memories I forgot but I have difficulties sorting my photos and I can’t find the ones I look for.,Retrieve forgotten memories in a large personal library,Happy memories; vague memory,Sorting/location/date,Discovery / navigation,Vague-memory retrieval,App Store review,Partial memory
E038,App Store,Google Photos: Backup & Edit,2019-06-20,https://apps.apple.com/by/app/google-photos-backup-edit/id962194608?platform=watch&see-all=reviews,Sometimes I can’t find the album via search.,Find a known album when the user remembers the collection,Album,Exact album name/search behavior,Collection search,Album retrieval,App Store review,Partial memory
E039,Google Play,Google Photos,2026-09-05,https://play.google.com/store/apps/details?id=com.google.android.apps.photos&hl=en-GB,I have my photos and videos in the Locked folder and backup was disabled… suddenly I found my locked folder empty and all my data disappeared.,Locate photos expected to be in a protected collection,Locked Folder,Whether backup was enabled,Collection visibility / access,Protected-content retrieval,Google Play review,Partial memory
E040,Google Play,Pixel Screenshots,2026-09-05,https://play.google.com/store/apps/details?id=com.google.android.apps.pixel.agent&hl=en-IN,"Takes hours to literally days for images to appear in my Google Photos, then requires a search in a separate screenshots collection.",Find screenshots after capture,Screenshot; approximate capture period,Collection location; indexing timing,Indexing / collection navigation,Screenshot discoverability,Google Play review,Partial memory
